{
  "name": "Varnavas",
  "description": "EWED Reference configuration",
  "h": 665.4086303710938,
  "theta": 301.971435546875,
  "dtheta": 0.889312744140625,
  "gammatheta": [0.0015336532378569245, 0.006792282219976187],
  "z_theta": [1667.025390625, 3720],
  "q": 0.010794480331242085,
  "dq": -0.001073240302503109,
  "gammaq": [-2.382889988439274e-6, -2.5458646177867195e-6],
  "z_q": [1360.52392578125, 3720],
  "divU": 1.0981982995872386e-5,
  "u": -1.6769592761993408,
  "du": -1.1726601123809814,
  "gamma_u": [-0.001995581667870283, -0.002064943080767989],
  "z_u": [1573.5614013671875, 3720],
  "v": -10.087028503417969,
  "dv": -1.5727958679199219,
  "gamma_v": [-0.0005029001622460783, 0.004509935155510902],
  "z_v": [3037.957763671875, 3720],
  "wtheta": [
    0.33137200988670706, 0.28088430353706567, 0.21148639643745845,
    0.1354453158978963, 0.0558820378352221, 0.0001602229911650289, 0.0, 0.0,
    0.0, 0.0, 0.0, 0.0
  ],
  "wq": [
    1.9756698748096824e-5, 2.111953654093668e-5, 2.2018328309059143e-5,
    2.2002774130669422e-5, 1.9648385205073282e-5, 1.6331905499100685e-5,
    1.3947577826911584e-5, 1.2534562301880214e-5, 1.1651739441731479e-5,
    1.1526963135111146e-5, 1.3352756468520965e-5, 1.3273539479996543e-5
  ],
  "sw_wind": true,
  "advtheta": 0,
  "advq": 0,
  "advu": 0,
  "advv": 0,
  "beta": 0.2,
  "ustar": 0.3,
  "dt": 60,
  "runtime": 43200
}
